name,area,address,map_link,lat,lng,rating,drink,note,ig,thumb,date
Coffee Fiel - Kiaf SEOUL 2026 Pop Up,"Samseong 1(il)-dong, Gangnam-gu","Teheran-ro 87-gil, Samseong 1(il)-dong, Gangnam-gu, Seoul",https://maps.app.goo.gl/XPWhg7yJP41EhYu17,37.5118733,127.0591105,4.3,Ethiopia Gedeb Halo Hartume G1 Washed - Iced,"Ethiopia Gedeb Halo Hartume G1 Washed - Iced Had this iced hand drip on my trip to the Kiaf Art Festival. Very bright acidity and clean aftertaste. I thought I would get more of the nutty, Ethiopia flavor that I could smell from the Aroma Display, but still could taste it. Good balance.",https://www.instagram.com/p/Dc5i5_SGZ5W/?utm_source=ig_web_copy_link&stkn=MzRlODBiNWFlZA==,images/coffee-fiel-kiaf-seoul-2026-pop-up-2026-09-05-1.jpg | images/coffee-fiel-kiaf-seoul-2026-pop-up-2026-09-05-2.jpg | images/coffee-fiel-kiaf-seoul-2026-pop-up-2026-09-05-3.jpg | images/coffee-fiel-kiaf-seoul-2026-pop-up-2026-09-05-4.jpg | images/coffee-fiel-kiaf-seoul-2026-pop-up-2026-09-05-5.jpg | images/coffee-fiel-kiaf-seoul-2026-pop-up-2026-09-05-6.jpg | images/coffee-fiel-kiaf-seoul-2026-pop-up-2026-09-05-7.jpg,2026-09-05
Cafe Marie,"Sinsa-dong, Gangnam-gu","45 Apgujeong-ro 34-gil, Gangnam District, Seoul, South Korea",https://maps.app.goo.gl/j9sqK8n8MYLeXezEA,37.5263529,127.0306863,4.5,Cafe Latte Ristretto - Hot,"Cafe Latte Ristretto - Hot Warm, nutty, great mouthfeel and somehow tastes better because I know the guy behind the drink. It’s as I remembered it from before my US trip. Awesome latte.",https://www.instagram.com/p/Dc5imVFGaBg/?utm_source=ig_web_copy_link&stkn=MzRlODBiNWFlZA==,images/cafe-marie-2026-09-05-1.jpg | images/cafe-marie-2026-09-05-2.jpg,2026-09-05
Devoción,"Brooklyn, Kings County","142 Grand Street, Brooklyn, Kings County, New York",https://maps.app.goo.gl/98TCJttNqSnTtTtb9,40.714774,-73.9622189,3,Special Drip,"Special Drip They are known for only using Columbian sourced beans for all of their blends. Overall, the coffee was not bad, but I’m so sad because I got there 10 minutes before closing and they ran out of the pour over I wanted. The barista felt bad and gave me their drip for free, but it wasn’t mind-blowing or anything. Big asterisk on the rating on this one since I didn’t get their signatures, so I’ll definitely have to come back for some of their better house blends.",https://www.instagram.com/p/Dbc3IqxmY03/?utm_source=ig_web_copy_link&stkn=MzRlODBiNWFlZA==,images/devoci-n-2026-07-31-1.jpg | images/devoci-n-2026-07-31-2.jpg | images/devoci-n-2026-07-31-3.jpg | images/devoci-n-2026-07-31-4.jpg | images/devoci-n-2026-07-31-5.jpg | images/devoci-n-2026-07-31-6.jpg,2026-07-31
Bean Monger Coffee Tavern,"Brooklyn, Kings County","608 Union Street, Brooklyn, Kings County, New York",https://maps.app.goo.gl/MWffuCoCGf3wyfq29,40.6774829,-73.9835486,4.8,Latte,"Latte This was just incredible. I got their salted chocolate chip cookie with their latte, and the pairing was amazing. The overall vibe of the place was so cozy and warm too. I would definitely revisit if I’m in Brooklyn",https://www.instagram.com/p/Dbc2fNtmRK-/?utm_source=ig_web_copy_link&stkn=MzRlODBiNWFlZA==,images/bean-monger-coffee-tavern-2026-07-31-1.jpg | images/bean-monger-coffee-tavern-2026-07-31-2.jpg | images/bean-monger-coffee-tavern-2026-07-31-3.jpg | images/bean-monger-coffee-tavern-2026-07-31-4.jpg | images/bean-monger-coffee-tavern-2026-07-31-5.jpg | images/bean-monger-coffee-tavern-2026-07-31-6.jpg | images/bean-monger-coffee-tavern-2026-07-31-7.jpg,2026-07-31
Fellini Coffee,"Manhattan, New York County","120 Thompson Street, Manhattan, New York County, New York",https://maps.app.goo.gl/6oo9LCn73h3TCMw68,40.7259702,-74.0015764,4.7,Iced Dolce Vita,Iced Dolce Vita I usually don’t order sweet coffee but this was very very good. The caramel syrup goes so well with the espresso- toasty and sweet. Would come again.,https://www.instagram.com/p/DaJ3CwkFpI6/?utm_source=ig_web_copy_link&stkn=MzRlODBiNWFlZA==,images/fellini-coffee-2026-06-29-1.jpg | images/fellini-coffee-2026-06-29-2.jpg | images/fellini-coffee-2026-06-29-3.jpg,2026-06-29
Oslo Coffee Roasters,"Manhattan, New York County","236 W 10th St, New York, NY 10014",https://maps.app.goo.gl/amTbtxYndPvQWaSq8,40.7337975,-74.0054685,4,Iced Americano - Odin Blend (Brazil-Sumatra-Guatemala-Kenya),"Iced Americano - Odin Blend (Brazil-Sumatra-Guatemala-Kenya) Americano had a very distinct acidity that was surprisingly very fruity, overall good balance. I really liked the interior too",https://www.instagram.com/p/DaDy2L-mWAx/?utm_source=ig_web_copy_link&stkn=MzRlODBiNWFlZA==,images/oslo-coffee-roasters-2026-06-26-1.jpg | images/oslo-coffee-roasters-2026-06-26-2.jpg | images/oslo-coffee-roasters-2026-06-26-3.jpg | images/oslo-coffee-roasters-2026-06-26-4.jpg | images/oslo-coffee-roasters-2026-06-26-5.jpg | images/oslo-coffee-roasters-2026-06-26-6.jpg | images/oslo-coffee-roasters-2026-06-26-7.jpg,2026-06-26
787 Coffee,"Manhattan, New York County","202 West 10th Street, Manhattan, New York County, New York",https://maps.app.goo.gl/G9C8fFotQgkPzPoh7,40.7339544,-74.0039929,3.5,Iced Latte - Puerto Rico Rum Infused Beans,"Iced Latte - Puerto Rico Rum Infused Beans I loved that they gave the coffee in a pouch! The latte tasted great, nothing too special, but cinnamon-like and good balance. Slightly pricey though, but that’s just Manhattan. Had a great chat with the barista there, she was very sweet explaining all their bean varieties as I shared my experience touring NYC",https://www.instagram.com/p/DaDyNlQmRbO/?utm_source=ig_web_copy_link&stkn=MzRlODBiNWFlZA==,images/787-coffee-2026-06-26-1.jpg | images/787-coffee-2026-06-26-2.jpg | images/787-coffee-2026-06-26-3.jpg | images/787-coffee-2026-06-26-4.jpg | images/787-coffee-2026-06-26-5.jpg | images/787-coffee-2026-06-26-6.jpg | images/787-coffee-2026-06-26-7.jpg,2026-06-26
La Cabra on Laffayette Street,"Manhattan, New York County","284 Lafayette Street, Manhattan, New York County, New York",https://maps.app.goo.gl/ptJfZrwRxPShpcDX7,40.72431,-73.9962,2.5,Potosí Colombia Pink Bourbon Washed,"Bit too diluted for my liking, the aroma is floral and clean. Got a bit bitter toward the end of my drink, and drip coffee was $15 with tax, pretty overpriced imo",https://www.instagram.com/p/DaCWpEHFhn7/?utm_source=ig_web_copy_link&stkn=MzRlODBiNWFlZA==,images/la-cabra-on-laffayette-street-2026-06-26-1.jpg | images/la-cabra-on-laffayette-street-2026-06-26-2.jpg | images/la-cabra-on-laffayette-street-2026-06-26-3.jpg | images/la-cabra-on-laffayette-street-2026-06-26-4.jpg | images/la-cabra-on-laffayette-street-2026-06-26-5.jpg | images/la-cabra-on-laffayette-street-2026-06-26-6.jpg | images/la-cabra-on-laffayette-street-2026-06-26-7.jpg,2026-06-26
MOKAFÉ Coffee House,"Manhattan, New York County","687 8th Avenue, Manhattan, New York County, New York",https://maps.app.goo.gl/xfTUqBP6uYAYNcz76,40.7582851,-73.9894356,2.5,Iced Latte,"Very standard iced latte, ordered it with whole milk. Quite pricey though, but that’s Manhattan for you",https://www.instagram.com/p/DaCWScSluWD/?utm_source=ig_web_copy_link&stkn=MzRlODBiNWFlZA==,images/mokaf-coffee-house-2026-06-26-1.jpg | images/mokaf-coffee-house-2026-06-26-2.jpg | images/mokaf-coffee-house-2026-06-26-3.jpg | images/mokaf-coffee-house-2026-06-26-4.jpg | images/mokaf-coffee-house-2026-06-26-5.jpg,2026-06-26
Marah Coffee Roasters,"Jigok-dong, Giheung-gu","Jisam-ro, Jigok-dong, Giheung-gu, Yongin-si",https://maps.app.goo.gl/XUhboDBaqGvJXcyc6,37.2422004,127.1332265,,,"2-storey coffee roaster house in Giheung, peaceful countryside view run by amazingly heartwarming people. I got to try pouring their Ethiopian Kochere Natural, clean with smooth acidic aftertaste. Interviewed the owner over coffee franchise gentrification in Korea for a documentary!",https://www.instagram.com/p/DZofsHemdLt/?utm_source=ig_web_copy_link&stkn=MzRlODBiNWFlZA==,images/marah-coffee-roasters-2026-06-16-1.jpg | images/marah-coffee-roasters-2026-06-16-2.jpg | images/marah-coffee-roasters-2026-06-16-3.jpg | images/marah-coffee-roasters-2026-06-16-4.jpg | images/marah-coffee-roasters-2026-06-16-5.jpg | images/marah-coffee-roasters-2026-06-16-6.jpg | images/marah-coffee-roasters-2026-06-16-7.jpg | images/marah-coffee-roasters-2026-06-16-8.jpg | images/marah-coffee-roasters-2026-06-16-9.jpg,2026-06-16
Heo Coffee (허형만의 압구정커피집),"Sinsa-dong, Gangnam-gu","151 Apgujeong-ro, Gangnam District, Seoul, South Korea",https://maps.app.goo.gl/jeHv7FGUHF7H6VFv9,37.5269728,127.0253739,3.5,Sumatra Mandheling,"Striked a conversation with the owner over how to get consistent pours. She told me to try pouring myself a cup, and corrected my pouring technique to be more steady and slower.",https://www.instagram.com/p/DZoeowpmSQK/?utm_source=ig_web_copy_link&stkn=MzRlODBiNWFlZA==,images/heo-coffee-2026-06-16-1.jpg | images/heo-coffee-2026-06-16-2.jpg | images/heo-coffee-2026-06-16-3.jpg | images/heo-coffee-2026-06-16-4.jpg | images/heo-coffee-2026-06-16-5.jpg,2026-06-16
Heo Coffee (허형만의 압구정커피집),"Sinsa-dong, Gangnam-gu","151 Apgujeong-ro, Gangnam District, Seoul, South Korea",https://maps.app.goo.gl/jeHv7FGUHF7H6VFv9,37.5269728,127.0253739,4,Cameroon Blue Mountain,"Owner recognized me as I walked in lol. Asked him for a new single variety to try, and he recommended me this. Nice balance, the flavors are a bit heavier than Costa Rica last time, hits mid-back of my mouth. Really solid, would try again.",https://www.instagram.com/p/DX_KZR0mRVa/?utm_source=ig_web_copy_link&stkn=MzRlODBiNWFlZA==,images/heo-coffee-2026-05-06-1.jpg | images/heo-coffee-2026-05-06-2.jpg | images/heo-coffee-2026-05-06-3.jpg | images/heo-coffee-2026-05-06-4.jpg,2026-05-06
Cafe Marie,"Sinsa-dong, Gangnam-gu","45 Apgujeong-ro 34-gil, Gangnam District, Seoul, South Korea",https://maps.app.goo.gl/j9sqK8n8MYLeXezEA,37.5263529,127.0306863,4.5,Cafe Latte Ristretto,"Very toasty, sweet, and super clean with no bitter aftertaste. One of best lattes I’ve had in a while. Really soothing latte on a rainy day. The owner is really sweet and passionate about his coffee craft. He uses quality beans for his espressos (loves Yemen Mocha Mattari), and roasts his own blends daily in the backroom of the shop. He was so kind in explaining a single shot and a ristretto. I had a wonderful conversation with him! Definitely would visit again.",https://www.instagram.com/p/DX3a-Aumep2/?utm_source=ig_web_copy_link&stkn=MzRlODBiNWFlZA==,images/cafe-marie-2026-05-03-1.jpg | images/cafe-marie-2026-05-03-2.jpg | images/cafe-marie-2026-05-03-3.jpg | images/cafe-marie-2026-05-03-4.jpg | images/cafe-marie-2026-05-03-5.jpg | images/cafe-marie-2026-05-03-6.jpg | images/cafe-marie-2026-05-03-7.jpg,2026-05-03
Hit Coffee Roasters,"Sinsa-dong, Gangnam-gu","554-32 Sinsa-dong, Gangnam District, Seoul, South Korea",https://maps.app.goo.gl/GrrhEv1VaEapE5GV9,37.5223206,127.0277019,2,Kenya Nyeri Karindundu Fully Washed,"The cafe has a very cool concept of focusing on interesting roasts, like grape or peach aromas. These notes are very accentuated in the beans—I got the chance to smell them, and they are exactly like the fruits labeled on them. So cool! I just don’t think their Kenya was for me, so I will definitely come back to try their other varieties or just an espresso.",https://www.instagram.com/p/DX0ix7vmU01/?utm_source=ig_web_copy_link&stkn=MzRlODBiNWFlZA==,images/hit-coffee-roasters-2026-05-02-1.jpg | images/hit-coffee-roasters-2026-05-02-2.jpg | images/hit-coffee-roasters-2026-05-02-3.jpg | images/hit-coffee-roasters-2026-05-02-4.jpg | images/hit-coffee-roasters-2026-05-02-5.jpg | images/hit-coffee-roasters-2026-05-02-6.jpg | images/hit-coffee-roasters-2026-05-02-7.jpg | images/hit-coffee-roasters-2026-05-02-8.jpg,2026-05-02
Heo Coffee (허형만의 압구정커피집),"Sinsa-dong, Gangnam-gu","151 Apgujeong-ro, Gangnam District, Seoul, South Korea",https://maps.app.goo.gl/jeHv7FGUHF7H6VFv9,37.5269728,127.0253739,5,Costa Rica ‘La Pastora’ Primera,"Coffee goes down super smooth, and the after taste is so clean. I had a wonderful conversation with the coffeeshop owner. Heo’s Coffee has a rich 25-year history as a family-run business, and he was the son of his father who started the shop. They roast their beans every day and it is excellent quality—I can feel his love for coffee in his voice. Definitely recommend!!",https://www.instagram.com/p/DXidWHemUmA/?utm_source=ig_web_copy_link&stkn=MzRlODBiNWFlZA==,images/heo-coffee-2026-04-25-1.jpg | images/heo-coffee-2026-04-25-2.jpg | images/heo-coffee-2026-04-25-3.jpg | images/heo-coffee-2026-04-25-4.jpg | images/heo-coffee-2026-04-25-5.jpg | images/heo-coffee-2026-04-25-6.jpg,2026-04-25
Marklane Coffee Roasters,"Sinsa-dong, Gangnam-gu","23-5 Seolleung-ro 157-gil, Gangnam District, Seoul, South Korea",https://maps.app.goo.gl/yycy32nGgJrZzftx5,37.5260244,127.038802,3.5,Kenya Moru AA Top,"Had a very nice conversation with Marklane’s owner—what started as a hobby is now his 10+ years-long business. I shared with him my experience dripping coffee at home, experimenting etc. As a note for his pour technique: he stirs the coffee grounds after the first bloom pour for an even extraction.",https://www.instagram.com/p/DXbt49jGb5r/?utm_source=ig_web_copy_link&stkn=MzRlODBiNWFlZA==,images/marklane-coffee-roasters-2026-04-22-1.jpg | images/marklane-coffee-roasters-2026-04-22-2.jpg | images/marklane-coffee-roasters-2026-04-22-3.jpg | images/marklane-coffee-roasters-2026-04-22-4.jpg | images/marklane-coffee-roasters-2026-04-22-5.jpg | images/marklane-coffee-roasters-2026-04-22-6.jpg | images/marklane-coffee-roasters-2026-04-22-7.jpg,2026-04-22
Bunker Company (벙커컴퍼니),"Sinsa-dong, Gangnam-gu","23 Eonju-ro 167-gil, Gangnam District, Seoul, South Korea",https://maps.app.goo.gl/P19JJg9m9g1i66jGA,37.5264426,127.0316436,2.5,Colombia Las Margaritas Geisha,"Asked for sweet brew option over acidity. Coffee mouthfeel was a bit too heavy, but nevertheless had very interesting rustic fruity taste. The atmosphere of the cafe is really cool. It has a dark, sophisticated interior with a cozy and elegant vibe.",https://www.instagram.com/p/DXBmQ-1mYD7/?utm_source=ig_web_copy_link&stkn=MzRlODBiNWFlZA==,images/bunker-company-2026-04-12-1.jpg | images/bunker-company-2026-04-12-2.jpg | images/bunker-company-2026-04-12-3.jpg | images/bunker-company-2026-04-12-4.jpg | images/bunker-company-2026-04-12-5.jpg | images/bunker-company-2026-04-12-6.jpg,2026-04-12
Cavehane (카베하네),"Sinsa-dong, Gangnam-gu","15 Eonju-ro 173-gil, Gangnam District, Seoul, South Korea",https://maps.app.goo.gl/D8batA9VocBAXTnP9,37.5279241,127.0316511,3.5,Tanzania AA Siphoned,"Very clean, medium-full body, berry-like tones that leave lingering pleasant mouthfeel",https://www.instagram.com/p/DXBcfILGQyw/?utm_source=ig_web_copy_link&stkn=MzRlODBiNWFlZA==,images/cavehane-2026-04-12-1.jpg | images/cavehane-2026-04-12-2.jpg | images/cavehane-2026-04-12-3.jpg | images/cavehane-2026-04-12-4.jpg | images/cavehane-2026-04-12-5.jpg | images/cavehane-2026-04-12-6.jpg | images/cavehane-2026-04-12-7.jpg | images/cavehane-2026-04-12-8.jpg,2026-04-12
Cafe Inside,,"27 Dogok-ro 3-gil, Gangnam District, Seoul",,37.4911091,127.0329524,4.6,Guatemala Java Hand Drip,"Soothingly rich, med-full body, not much acidity, and a surprisingly clean aftertaste for its earthy mouthfeel. Really cozy coffeeshop with lots of seating, warm aesthetics and great coffee. Awesome talk with the owner past the shop's open hours - he's run Inside for 16 years out of pure passion for coffee, and taught me a lot (like brewing 10-50-20mL with a Kalita at 0:00-1:30-2:30, then diluting with 120mL water for a cleaner aftertaste). Also recommended the Hario Neo and a Comandante hand mill.",https://www.instagram.com/p/Ddq50uhmcNM/,images/cafe-inside-2026-09-25-1.jpg,2026-09-25
Gom Coffee Roasters,,"12 Seolleung-ro 68-gil, Gangnam District, Seoul",,37.4993250,127.0533815,3.6,Honduras El Puente Natural,"Overall good Honduras sweetness, light-medium body, but the lingering finish gets slightly unpleasant as it cools. Great coffee vibes - roasts singles in house and develops blends at their factory in Yongin. The owner (running the shop since 2016) was really nice and shared how variables like the water used affect the taste. He encouraged me to keep tasting and taking notes to find my preferences, and suggested SCA sensory classes for getting into roasting.",https://www.instagram.com/p/Dds-xe9mdY8/,images/gom-coffee-roasters-2026-09-25-1.jpg,2026-09-25
Sensory Coffee Roasters,"Geumho-dong, Seongdong-gu","315-13 Dokseodang-ro, Seongdong District, Seoul",,37.5483132,127.0242556,5,Columbia Bella Alejandria Geisha Anaerobic Washed,"Probably one of the best Columbian coffees I’ve ever had… no words. It’s really bright, tangy acidity, and good balance with a sweet/delicate aftertaste that subtly coats my mouth. Kind of reminds me of a tangy ripe orange- 😭 but I kind of hate myself for not having a better description.",https://www.instagram.com/p/DdviSrTmclq/,images/sensory-coffee-roasters-2026-09-26-1.jpg,2026-09-26
STEAMERS Coffee Factory,"Sinsa-dong, Gangnam-gu","10 Apgujeong-ro 4-gil, Gangnam District, Seoul",,37.5219688,127.0199906,2,Kenya Eaagads Estate PB SL28 & SL34 Washed,"Initial taste is slightly sweet and plum-like, but aftertaste too bitter… aroma is not very present seems like it’s starting to get stale. It’s pretty surprising as it placed 1st in ToH competition, so I had pretty high expectations.",https://www.instagram.com/p/DeBigFHmZ5-/,images/steamers-coffee-factory-2026-10-03-1.jpg,2026-10-03
GRAY GRISTMILL,"Sinsa-dong, Gangnam-gu","15 Apgujeong-ro 2-gil, Gangnam District, Seoul",,37.5207187,127.0199558,3.4,Bolivia Caranavi Geisha Pulse Vacuum Natural,"Medium body, initial taste of fruity sweetness, like it says on the notecard “green grape” and “blood orange” I can definitely taste. It’s one of those varieties that I find excessively tropical/fruity/floral for coffee though, so it gets a bit repetitive and kinda hurts my head not sure if there are people who would relate). Still overall great coffee. The shop itself has a really clean modern interior with friendly staff.",https://www.instagram.com/p/DeCWKFMGQFx/,images/gray-gristmill-2026-10-04-1.jpg,2026-10-04
Open Coffee Roasters,"Baekhyeon-dong, Bundang-gu","15 Pangyoyeok-ro 14beon-gil, Bundang District, Seongnam, Gyeonggi",,37.3849950,127.1110071,4.7,Ethiopia Guji Yabito G1 Natural,"Nutty, good balance of sweetness and acidity, pleasant and earthy. Slightly sharper than I would prefer, but I like it! The barista is super kind and down-to-earth! We talked over beans we use, drippers we’ve tried, and laughed over his questionable beginnings of becoming a barista… He even gave me an extra pour to try! Definitely recommend this shop- the interior is beautiful too.",https://www.instagram.com/p/DeEDEX8mdf7/,images/open-coffee-roasters-2026-10-04-1.jpg,2026-10-04
Lilo Coffee Kissa,"Shinsaibashi, Osaka","2-7-25 Shinsaibashisuji, Chuo Ward, Osaka, Japan",,34.6715273,135.5003381,5,Ethiopia Niguse Gemeda Karamo Anaerobic Natural,"This was from a trip to Osaka last year. Here were my thoughts! “This was actually such a valuable experience, to be able to explore new coffees in Japan was crazy, looking forward to more adventures! Hario V60, smooth, very delicate, very well extracted signature aroma of Ethiopia- sweet potato esque. Literally the smoothest Ethiopia I’ve ever had. Ren, the owner, explained how the Siphon is really good at extracting key notes and aromas of the bean because of the vacuum it creates. Compared to V60, “soft but bold aroma.” I actually like it because its acidity is slightly less and its body and mouthfeel is stronger, and I can taste the aroma more clearly.”",https://www.instagram.com/p/DeGbux3meCQ/,images/lilo-coffee-kissa-2026-10-05-1.jpg,2026-10-05
T.O.CH Coffee,"Samseong-dong, Gangnam-gu","41 Bongeunsa-ro 68-gil, Gangnam District, Seoul",,37.5096319,127.0519363,4.7,Ethiopia Basha Bekele Badagalo Natural,"Surprisingly light and aromas are really subtle, but it’s not “watered down” per se. The flavors are present and really speaks for themselves. Delicate “Mango Pineapple” initial taste fades away and the aftertaste is so pleasant. 50-50-40-30mL at 0:00-0:35-1:05-1:35; 170mL 2:15 brew, adds 60mL; 230mL final",https://www.instagram.com/p/DeHLAp6mTJn/,images/toch-coffee-2026-10-05-1.jpg,2026-10-05
